[
	{
		"postcode" : "S36",
		"easting" : 425700,
		"northing" : 400800,
		"latitude" : 53.50302,
		"longitude" : -1.61249,
		"city" : "Hunshelf",
		"county" : "Barnsley (obsolete)",
		"country_code" : "ENG",
		"country_name" : "England",
		"iso3166_2" : "GB-ENG",
		"region_code" : "NORTHWEST",
		"region_name" : "North West"
	},
	{
		"postcode" : "S63",
		"easting" : 444500,
		"northing" : 402600,
		"latitude" : 53.51794,
		"longitude" : -1.32879,
		"city" : null,
		"county" : "Barnsley (obsolete)",
		"country_code" : "ENG",
		"country_name" : "England",
		"iso3166_2" : "GB-ENG",
		"region_code" : "NORTHWEST",
		"region_name" : "North West"
	},
	{
		"postcode" : "S70",
		"easting" : 434900,
		"northing" : 405100,
		"latitude" : 53.54114,
		"longitude" : -1.4733,
		"city" : null,
		"county" : "Barnsley (obsolete)",
		"country_code" : "ENG",
		"country_name" : "England",
		"iso3166_2" : "GB-ENG",
		"region_code" : "NORTHWEST",
		"region_name" : "North West"
	},
	{
		"postcode" : "S71",
		"easting" : 436000,
		"northing" : 408700,
		"latitude" : 53.57342,
		"longitude" : -1.45629,
		"city" : null,
		"county" : "Barnsley (obsolete)",
		"country_code" : "ENG",
		"country_name" : "England",
		"iso3166_2" : "GB-ENG",
		"region_code" : "NORTHWEST",
		"region_name" : "North West"
	},
	{
		"postcode" : "S72",
		"easting" : 440300,
		"northing" : 409300,
		"latitude" : 53.57851,
		"longitude" : -1.39127,
		"city" : "Brierley",
		"county" : "Barnsley (obsolete)",
		"country_code" : "ENG",
		"country_name" : "England",
		"iso3166_2" : "GB-ENG",
		"region_code" : "NORTHWEST",
		"region_name" : "North West"
	},
	{
		"postcode" : "S73",
		"easting" : 440200,
		"northing" : 403300,
		"latitude" : 53.52458,
		"longitude" : -1.39355,
		"city" : "Darfield",
		"county" : "Barnsley (obsolete)",
		"country_code" : "ENG",
		"country_name" : "England",
		"iso3166_2" : "GB-ENG",
		"region_code" : "NORTHWEST",
		"region_name" : "North West"
	},
	{
		"postcode" : "S74",
		"easting" : 437200,
		"northing" : 400600,
		"latitude" : 53.50053,
		"longitude" : -1.43913,
		"city" : "Hoyland",
		"county" : "Barnsley (obsolete)",
		"country_code" : "ENG",
		"country_name" : "England",
		"iso3166_2" : "GB-ENG",
		"region_code" : "NORTHWEST",
		"region_name" : "North West"
	},
	{
		"postcode" : "S75",
		"easting" : 431800,
		"northing" : 407400,
		"latitude" : 53.56201,
		"longitude" : -1.51985,
		"city" : null,
		"county" : "Barnsley (obsolete)",
		"country_code" : "ENG",
		"country_name" : "England",
		"iso3166_2" : "GB-ENG",
		"region_code" : "NORTHWEST",
		"region_name" : "North West"
	},
	{
		"postcode" : "BA1",
		"easting" : 375000,
		"northing" : 165900,
		"latitude" : 51.39109,
		"longitude" : -2.35934,
		"city" : "Bath",
		"county" : "Bath and North East Somerset (obsolete)",
		"country_code" : "ENG",
		"country_name" : "England",
		"iso3166_2" : "GB-ENG",
		"region_code" : "SOUTHWEST",
		"region_name" : "South West"
	},
	{
		"postcode" : "BA2",
		"easting" : 373800,
		"northing" : 162400,
		"latitude" : 51.35957,
		"longitude" : -2.37633,
		"city" : "Bath",
		"county" : "Bath and North East Somerset (obsolete)",
		"country_code" : "ENG",
		"country_name" : "England",
		"iso3166_2" : "GB-ENG",
		"region_code" : "SOUTHWEST",
		"region_name" : "South West"
	},
	{
		"postcode" : "BS31",
		"easting" : 365800,
		"northing" : 167800,
		"latitude" : 51.4077,
		"longitude" : -2.49176,
		"city" : "Keynsham",
		"county" : "Bath and North East Somerset (obsolete)",
		"country_code" : "ENG",
		"country_name" : "England",
		"iso3166_2" : "GB-ENG",
		"region_code" : "SOUTHWEST",
		"region_name" : "South West"
	},
	{
		"postcode" : "BS39",
		"easting" : 363000,
		"northing" : 158900,
		"latitude" : 51.32749,
		"longitude" : -2.53109,
		"city" : "Clutton",
		"county" : "Bath and North East Somerset (obsolete)",
		"country_code" : "ENG",
		"country_name" : "England",
		"iso3166_2" : "GB-ENG",
		"region_code" : "SOUTHWEST",
		"region_name" : "South West"
	},
	{
		"postcode" : "BS40",
		"easting" : 351900,
		"northing" : 161100,
		"latitude" : 51.34644,
		"longitude" : -2.69071,
		"city" : "Nempnett Thrubwell",
		"county" : "Bath and North East Somerset (obsolete)",
		"country_code" : "ENG",
		"country_name" : "England",
		"iso3166_2" : "GB-ENG",
		"region_code" : "SOUTHWEST",
		"region_name" : "South West"
	},
	{
		"postcode" : "MK40",
		"easting" : 504600,
		"northing" : 250000,
		"latitude" : 52.13797,
		"longitude" : -0.47145,
		"city" : "Bedford",
		"county" : "Bedfordshire",
		"country_code" : "ENG",
		"country_name" : "England",
		"iso3166_2" : "GB-ENG",
		"region_code" : "EAST",
		"region_name" : "East of England"
	},
	{
		"postcode" : "MK41",
		"easting" : 506300,
		"northing" : 251500,
		"latitude" : 52.15113,
		"longitude" : -0.44614,
		"city" : "Bedford",
		"county" : "Bedfordshire",
		"country_code" : "ENG",
		"country_name" : "England",
		"iso3166_2" : "GB-ENG",
		"region_code" : "EAST",
		"region_name" : "East of England"
	},
	{
		"postcode" : "MK42",
		"easting" : 504500,
		"northing" : 248000,
		"latitude" : 52.12002,
		"longitude" : -0.47352,
		"city" : "Kempston",
		"county" : "Bedfordshire",
		"country_code" : "ENG",
		"country_name" : "England",
		"iso3166_2" : "GB-ENG",
		"region_code" : "EAST",
		"region_name" : "East of England"
	},
	{
		"postcode" : "MK43",
		"easting" : 498800,
		"northing" : 247700,
		"latitude" : 52.11837,
		"longitude" : -0.55684,
		"city" : "Kempston Rural",
		"county" : "Bedfordshire",
		"country_code" : "ENG",
		"country_name" : "England",
		"iso3166_2" : "GB-ENG",
		"region_code" : "EAST",
		"region_name" : "East of England"
	},
	{
		"postcode" : "MK44",
		"easting" : 507600,
		"northing" : 256300,
		"latitude" : 52.19402,
		"longitude" : -0.42563,
		"city" : "Wilden",
		"county" : "Bedfordshire",
		"country_code" : "ENG",
		"country_name" : "England",
		"iso3166_2" : "GB-ENG",
		"region_code" : "EAST",
		"region_name" : "East of England"
	},
	{
		"postcode" : "B1",
		"easting" : 406300,
		"northing" : 286800,
		"latitude" : 52.47872,
		"longitude" : -1.90723,
		"city" : null,
		"county" : "Birmingham (obsolete)",
		"country_code" : "ENG",
		"country_name" : "England",
		"iso3166_2" : "GB-ENG",
		"region_code" : "WESTMID",
		"region_name" : "West Midlands"
	},
	{
		"postcode" : "B10",
		"easting" : 410100,
		"northing" : 285800,
		"latitude" : 52.46967,
		"longitude" : -1.8513,
		"city" : null,
		"county" : "Birmingham (obsolete)",
		"country_code" : "ENG",
		"country_name" : "England",
		"iso3166_2" : "GB-ENG",
		"region_code" : "WESTMID",
		"region_name" : "West Midlands"
	},
	{
		"postcode" : "B11",
		"easting" : 409600,
		"northing" : 284100,
		"latitude" : 52.4544,
		"longitude" : -1.85871,
		"city" : null,
		"county" : "Birmingham (obsolete)",
		"country_code" : "ENG",
		"country_name" : "England",
		"iso3166_2" : "GB-ENG",
		"region_code" : "WESTMID",
		"region_name" : "West Midlands"
	},
	{
		"postcode" : "B12",
		"easting" : 408000,
		"northing" : 284700,
		"latitude" : 52.45982,
		"longitude" : -1.88225,
		"city" : null,
		"county" : "Birmingham (obsolete)",
		"country_code" : "ENG",
		"country_name" : "England",
		"iso3166_2" : "GB-ENG",
		"region_code" : "WESTMID",
		"region_name" : "West Midlands"
	},
	{
		"postcode" : "B13",
		"easting" : 408300,
		"northing" : 282100,
		"latitude" : 52.43644,
		"longitude" : -1.8779,
		"city" : null,
		"county" : "Birmingham (obsolete)",
		"country_code" : "ENG",
		"country_name" : "England",
		"iso3166_2" : "GB-ENG",
		"region_code" : "WESTMID",
		"region_name" : "West Midlands"
	},
	{
		"postcode" : "B14",
		"easting" : 407600,
		"northing" : 280000,
		"latitude" : 52.41757,
		"longitude" : -1.88824,
		"city" : null,
		"county" : "Birmingham (obsolete)",
		"country_code" : "ENG",
		"country_name" : "England",
		"iso3166_2" : "GB-ENG",
		"region_code" : "WESTMID",
		"region_name" : "West Midlands"
	},
	{
		"postcode" : "B15",
		"easting" : 405200,
		"northing" : 285400,
		"latitude" : 52.46615,
		"longitude" : -1.92345,
		"city" : null,
		"county" : "Birmingham (obsolete)",
		"country_code" : "ENG",
		"country_name" : "England",
		"iso3166_2" : "GB-ENG",
		"region_code" : "WESTMID",
		"region_name" : "West Midlands"
	},
	{
		"postcode" : "B16",
		"easting" : 404500,
		"northing" : 286500,
		"latitude" : 52.47604,
		"longitude" : -1.93374,
		"city" : null,
		"county" : "Birmingham (obsolete)",
		"country_code" : "ENG",
		"country_name" : "England",
		"iso3166_2" : "GB-ENG",
		"region_code" : "WESTMID",
		"region_name" : "West Midlands"
	},
	{
		"postcode" : "B17",
		"easting" : 402700,
		"northing" : 284800,
		"latitude" : 52.46077,
		"longitude" : -1.96026,
		"city" : null,
		"county" : "Birmingham (obsolete)",
		"country_code" : "ENG",
		"country_name" : "England",
		"iso3166_2" : "GB-ENG",
		"region_code" : "WESTMID",
		"region_name" : "West Midlands"
	},
	{
		"postcode" : "B18",
		"easting" : 405200,
		"northing" : 288200,
		"latitude" : 52.49132,
		"longitude" : -1.92341,
		"city" : null,
		"county" : "Birmingham (obsolete)",
		"country_code" : "ENG",
		"country_name" : "England",
		"iso3166_2" : "GB-ENG",
		"region_code" : "WESTMID",
		"region_name" : "West Midlands"
	},
	{
		"postcode" : "B19",
		"easting" : 406500,
		"northing" : 288800,
		"latitude" : 52.4967,
		"longitude" : -1.90425,
		"city" : null,
		"county" : "Birmingham (obsolete)",
		"country_code" : "ENG",
		"country_name" : "England",
		"iso3166_2" : "GB-ENG",
		"region_code" : "WESTMID",
		"region_name" : "West Midlands"
	},
	{
		"postcode" : "B2",
		"easting" : 407000,
		"northing" : 286800,
		"latitude" : 52.47871,
		"longitude" : -1.89692,
		"city" : null,
		"county" : "Birmingham (obsolete)",
		"country_code" : "ENG",
		"country_name" : "England",
		"iso3166_2" : "GB-ENG",
		"region_code" : "WESTMID",
		"region_name" : "West Midlands"
	},
	{
		"postcode" : "B20",
		"easting" : 405600,
		"northing" : 290700,
		"latitude" : 52.51379,
		"longitude" : -1.91747,
		"city" : null,
		"county" : "Birmingham (obsolete)",
		"country_code" : "ENG",
		"country_name" : "England",
		"iso3166_2" : "GB-ENG",
		"region_code" : "WESTMID",
		"region_name" : "West Midlands"
	},
	{
		"postcode" : "B21",
		"easting" : 404100,
		"northing" : 289900,
		"latitude" : 52.50661,
		"longitude" : -1.93959,
		"city" : null,
		"county" : "Birmingham (obsolete)",
		"country_code" : "ENG",
		"country_name" : "England",
		"iso3166_2" : "GB-ENG",
		"region_code" : "WESTMID",
		"region_name" : "West Midlands"
	},
	{
		"postcode" : "B23",
		"easting" : 409900,
		"northing" : 292300,
		"latitude" : 52.52812,
		"longitude" : -1.85405,
		"city" : null,
		"county" : "Birmingham (obsolete)",
		"country_code" : "ENG",
		"country_name" : "England",
		"iso3166_2" : "GB-ENG",
		"region_code" : "WESTMID",
		"region_name" : "West Midlands"
	},
	{
		"postcode" : "B24",
		"easting" : 411700,
		"northing" : 291300,
		"latitude" : 52.51909,
		"longitude" : -1.82755,
		"city" : null,
		"county" : "Birmingham (obsolete)",
		"country_code" : "ENG",
		"country_name" : "England",
		"iso3166_2" : "GB-ENG",
		"region_code" : "WESTMID",
		"region_name" : "West Midlands"
	},
	{
		"postcode" : "B25",
		"easting" : 412200,
		"northing" : 285300,
		"latitude" : 52.46513,
		"longitude" : -1.8204,
		"city" : null,
		"county" : "Birmingham (obsolete)",
		"country_code" : "ENG",
		"country_name" : "England",
		"iso3166_2" : "GB-ENG",
		"region_code" : "WESTMID",
		"region_name" : "West Midlands"
	},
	{
		"postcode" : "B26",
		"easting" : 414300,
		"northing" : 284800,
		"latitude" : 52.46059,
		"longitude" : -1.78951,
		"city" : null,
		"county" : "Birmingham (obsolete)",
		"country_code" : "ENG",
		"country_name" : "England",
		"iso3166_2" : "GB-ENG",
		"region_code" : "WESTMID",
		"region_name" : "West Midlands"
	},
	{
		"postcode" : "B27",
		"easting" : 412100,
		"northing" : 283000,
		"latitude" : 52.44446,
		"longitude" : -1.82196,
		"city" : null,
		"county" : "Birmingham (obsolete)",
		"country_code" : "ENG",
		"country_name" : "England",
		"iso3166_2" : "GB-ENG",
		"region_code" : "WESTMID",
		"region_name" : "West Midlands"
	},
	{
		"postcode" : "B28",
		"easting" : 410800,
		"northing" : 281000,
		"latitude" : 52.4265,
		"longitude" : -1.84115,
		"city" : null,
		"county" : "Birmingham (obsolete)",
		"country_code" : "ENG",
		"country_name" : "England",
		"iso3166_2" : "GB-ENG",
		"region_code" : "WESTMID",
		"region_name" : "West Midlands"
	},
	{
		"postcode" : "B29",
		"easting" : 403600,
		"northing" : 282200,
		"latitude" : 52.43739,
		"longitude" : -1.94704,
		"city" : null,
		"county" : "Birmingham (obsolete)",
		"country_code" : "ENG",
		"country_name" : "England",
		"iso3166_2" : "GB-ENG",
		"region_code" : "WESTMID",
		"region_name" : "West Midlands"
	},
	{
		"postcode" : "B3",
		"easting" : 406700,
		"northing" : 287000,
		"latitude" : 52.48051,
		"longitude" : -1.90134,
		"city" : null,
		"county" : "Birmingham (obsolete)",
		"country_code" : "ENG",
		"country_name" : "England",
		"iso3166_2" : "GB-ENG",
		"region_code" : "WESTMID",
		"region_name" : "West Midlands"
	},
	{
		"postcode" : "B30",
		"easting" : 404900,
		"northing" : 280500,
		"latitude" : 52.42209,
		"longitude" : -1.92794,
		"city" : null,
		"county" : "Birmingham (obsolete)",
		"country_code" : "ENG",
		"country_name" : "England",
		"iso3166_2" : "GB-ENG",
		"region_code" : "WESTMID",
		"region_name" : "West Midlands"
	},
	{
		"postcode" : "B31",
		"easting" : 401900,
		"northing" : 278900,
		"latitude" : 52.40772,
		"longitude" : -1.97207,
		"city" : null,
		"county" : "Birmingham (obsolete)",
		"country_code" : "ENG",
		"country_name" : "England",
		"iso3166_2" : "GB-ENG",
		"region_code" : "WESTMID",
		"region_name" : "West Midlands"
	},
	{
		"postcode" : "B32",
		"easting" : 400500,
		"northing" : 283400,
		"latitude" : 52.44819,
		"longitude" : -1.99264,
		"city" : null,
		"county" : "Birmingham (obsolete)",
		"country_code" : "ENG",
		"country_name" : "England",
		"iso3166_2" : "GB-ENG",
		"region_code" : "WESTMID",
		"region_name" : "West Midlands"
	},
	{
		"postcode" : "B33",
		"easting" : 414500,
		"northing" : 287000,
		"latitude" : 52.48036,
		"longitude" : -1.78647,
		"city" : null,
		"county" : "Birmingham (obsolete)",
		"country_code" : "ENG",
		"country_name" : "England",
		"iso3166_2" : "GB-ENG",
		"region_code" : "WESTMID",
		"region_name" : "West Midlands"
	},
	{
		"postcode" : "B34",
		"easting" : 414900,
		"northing" : 288700,
		"latitude" : 52.49564,
		"longitude" : -1.78051,
		"city" : null,
		"county" : "Birmingham (obsolete)",
		"country_code" : "ENG",
		"country_name" : "England",
		"iso3166_2" : "GB-ENG",
		"region_code" : "WESTMID",
		"region_name" : "West Midlands"
	},
	{
		"postcode" : "B35",
		"easting" : 414400,
		"northing" : 291300,
		"latitude" : 52.51903,
		"longitude" : -1.78776,
		"city" : null,
		"county" : "Birmingham (obsolete)",
		"country_code" : "ENG",
		"country_name" : "England",
		"iso3166_2" : "GB-ENG",
		"region_code" : "WESTMID",
		"region_name" : "West Midlands"
	},
	{
		"postcode" : "B38",
		"easting" : 404500,
		"northing" : 278000,
		"latitude" : 52.39962,
		"longitude" : -1.93385,
		"city" : "Tees Grove",
		"county" : "Birmingham (obsolete)",
		"country_code" : "ENG",
		"country_name" : "England",
		"iso3166_2" : "GB-ENG",
		"region_code" : "WESTMID",
		"region_name" : "West Midlands"
	},
	{
		"postcode" : "B4",
		"easting" : 407200,
		"northing" : 287200,
		"latitude" : 52.48231,
		"longitude" : -1.89397,
		"city" : null,
		"county" : "Birmingham (obsolete)",
		"country_code" : "ENG",
		"country_name" : "England",
		"iso3166_2" : "GB-ENG",
		"region_code" : "WESTMID",
		"region_name" : "West Midlands"
	},
	{
		"postcode" : "B42",
		"easting" : 406000,
		"northing" : 292900,
		"latitude" : 52.53357,
		"longitude" : -1.91154,
		"city" : null,
		"county" : "Birmingham (obsolete)",
		"country_code" : "ENG",
		"country_name" : "England",
		"iso3166_2" : "GB-ENG",
		"region_code" : "WESTMID",
		"region_name" : "West Midlands"
	},
	{
		"postcode" : "B44",
		"easting" : 407900,
		"northing" : 294200,
		"latitude" : 52.54523,
		"longitude" : -1.88349,
		"city" : null,
		"county" : "Birmingham (obsolete)",
		"country_code" : "ENG",
		"country_name" : "England",
		"iso3166_2" : "GB-ENG",
		"region_code" : "WESTMID",
		"region_name" : "West Midlands"
	},
	{
		"postcode" : "B45",
		"easting" : 399400,
		"northing" : 276700,
		"latitude" : 52.38795,
		"longitude" : -2.00882,
		"city" : null,
		"county" : "Birmingham (obsolete)",
		"country_code" : "ENG",
		"country_name" : "England",
		"iso3166_2" : "GB-ENG",
		"region_code" : "WESTMID",
		"region_name" : "West Midlands"
	},
	{
		"postcode" : "B5",
		"easting" : 407100,
		"northing" : 285800,
		"latitude" : 52.46972,
		"longitude" : -1.89547,
		"city" : null,
		"county" : "Birmingham (obsolete)",
		"country_code" : "ENG",
		"country_name" : "England",
		"iso3166_2" : "GB-ENG",
		"region_code" : "WESTMID",
		"region_name" : "West Midlands"
	},
	{
		"postcode" : "B6",
		"easting" : 407800,
		"northing" : 289600,
		"latitude" : 52.50388,
		"longitude" : -1.88508,
		"city" : null,
		"county" : "Birmingham (obsolete)",
		"country_code" : "ENG",
		"country_name" : "England",
		"iso3166_2" : "GB-ENG",
		"region_code" : "WESTMID",
		"region_name" : "West Midlands"
	},
	{
		"postcode" : "B7",
		"easting" : 408700,
		"northing" : 288400,
		"latitude" : 52.49307,
		"longitude" : -1.87185,
		"city" : null,
		"county" : "Birmingham (obsolete)",
		"country_code" : "ENG",
		"country_name" : "England",
		"iso3166_2" : "GB-ENG",
		"region_code" : "WESTMID",
		"region_name" : "West Midlands"
	},
	{
		"postcode" : "B72",
		"easting" : 412100,
		"northing" : 294900,
		"latitude" : 52.55145,
		"longitude" : -1.82153,
		"city" : null,
		"county" : "Birmingham (obsolete)",
		"country_code" : "ENG",
		"country_name" : "England",
		"iso3166_2" : "GB-ENG",
		"region_code" : "WESTMID",
		"region_name" : "West Midlands"
	},
	{
		"postcode" : "B73",
		"easting" : 410700,
		"northing" : 295000,
		"latitude" : 52.55238,
		"longitude" : -1.84217,
		"city" : null,
		"county" : "Birmingham (obsolete)",
		"country_code" : "ENG",
		"country_name" : "England",
		"iso3166_2" : "GB-ENG",
		"region_code" : "WESTMID",
		"region_name" : "West Midlands"
	},
	{
		"postcode" : "B74",
		"easting" : 409600,
		"northing" : 298400,
		"latitude" : 52.58297,
		"longitude" : -1.8583,
		"city" : null,
		"county" : "Birmingham (obsolete)",
		"country_code" : "ENG",
		"country_name" : "England",
		"iso3166_2" : "GB-ENG",
		"region_code" : "WESTMID",
		"region_name" : "West Midlands"
	},
	{
		"postcode" : "B75",
		"easting" : 413000,
		"northing" : 297900,
		"latitude" : 52.5784,
		"longitude" : -1.80813,
		"city" : null,
		"county" : "Birmingham (obsolete)",
		"country_code" : "ENG",
		"country_name" : "England",
		"iso3166_2" : "GB-ENG",
		"region_code" : "WESTMID",
		"region_name" : "West Midlands"
	},
	{
		"postcode" : "B76",
		"easting" : 414500,
		"northing" : 294200,
		"latitude" : 52.5451,
		"longitude" : -1.78616,
		"city" : null,
		"county" : "Birmingham (obsolete)",
		"country_code" : "ENG",
		"country_name" : "England",
		"iso3166_2" : "GB-ENG",
		"region_code" : "WESTMID",
		"region_name" : "West Midlands"
	},
	{
		"postcode" : "B8",
		"easting" : 410800,
		"northing" : 288100,
		"latitude" : 52.49034,
		"longitude" : -1.84092,
		"city" : null,
		"county" : "Birmingham (obsolete)",
		"country_code" : "ENG",
		"country_name" : "England",
		"iso3166_2" : "GB-ENG",
		"region_code" : "WESTMID",
		"region_name" : "West Midlands"
	},
	{
		"postcode" : "B9",
		"easting" : 410300,
		"northing" : 286700,
		"latitude" : 52.47776,
		"longitude" : -1.84833,
		"city" : null,
		"county" : "Birmingham (obsolete)",
		"country_code" : "ENG",
		"country_name" : "England",
		"iso3166_2" : "GB-ENG",
		"region_code" : "WESTMID",
		"region_name" : "West Midlands"
	},
	{
		"postcode" : "BB1",
		"easting" : 369500,
		"northing" : 429000,
		"latitude" : 53.75625,
		"longitude" : -2.46265,
		"city" : "Darwen",
		"county" : "Blackburn with Darwen (obsolete)",
		"country_code" : "ENG",
		"country_name" : "England",
		"iso3166_2" : "GB-ENG",
		"region_code" : "NORTHWEST",
		"region_name" : "North West"
	},
	{
		"postcode" : "BB2",
		"easting" : 367000,
		"northing" : 427400,
		"latitude" : 53.74171,
		"longitude" : -2.50039,
		"city" : "Darwen",
		"county" : "Blackburn with Darwen (obsolete)",
		"country_code" : "ENG",
		"country_name" : "England",
		"iso3166_2" : "GB-ENG",
		"region_code" : "NORTHWEST",
		"region_name" : "North West"
	},
	{
		"postcode" : "BB3",
		"easting" : 369300,
		"northing" : 422500,
		"latitude" : 53.69781,
		"longitude" : -2.46503,
		"city" : "Darwen",
		"county" : "Blackburn with Darwen (obsolete)",
		"country_code" : "ENG",
		"country_name" : "England",
		"iso3166_2" : "GB-ENG",
		"region_code" : "NORTHWEST",
		"region_name" : "North West"
	},
	{
		"postcode" : "FY1",
		"easting" : 331200,
		"northing" : 436000,
		"latitude" : 53.81551,
		"longitude" : -3.04509,
		"city" : null,
		"county" : "Blackpool (obsolete)",
		"country_code" : "ENG",
		"country_name" : "England",
		"iso3166_2" : "GB-ENG",
		"region_code" : "NORTHWEST",
		"region_name" : "North West"
	},
	{
		"postcode" : "FY2",
		"easting" : 331700,
		"northing" : 439300,
		"latitude" : 53.84524,
		"longitude" : -3.03823,
		"city" : null,
		"county" : "Blackpool (obsolete)",
		"country_code" : "ENG",
		"country_name" : "England",
		"iso3166_2" : "GB-ENG",
		"region_code" : "NORTHWEST",
		"region_name" : "North West"
	},
	{
		"postcode" : "FY3",
		"easting" : 332800,
		"northing" : 436600,
		"latitude" : 53.82111,
		"longitude" : -3.02092,
		"city" : null,
		"county" : "Blackpool (obsolete)",
		"country_code" : "ENG",
		"country_name" : "England",
		"iso3166_2" : "GB-ENG",
		"region_code" : "NORTHWEST",
		"region_name" : "North West"
	},
	{
		"postcode" : "FY4",
		"easting" : 332300,
		"northing" : 433300,
		"latitude" : 53.79139,
		"longitude" : -3.02779,
		"city" : null,
		"county" : "Blackpool (obsolete)",
		"country_code" : "ENG",
		"country_name" : "England",
		"iso3166_2" : "GB-ENG",
		"region_code" : "NORTHWEST",
		"region_name" : "North West"
	},
	{
		"postcode" : "BL1",
		"easting" : 370600,
		"northing" : 410500,
		"latitude" : 53.59002,
		"longitude" : -2.44421,
		"city" : null,
		"county" : "Bolton (obsolete)",
		"country_code" : "ENG",
		"country_name" : "England",
		"iso3166_2" : "GB-ENG",
		"region_code" : "NORTHWEST",
		"region_name" : "North West"
	},
	{
		"postcode" : "BL2",
		"easting" : 373900,
		"northing" : 410200,
		"latitude" : 53.58749,
		"longitude" : -2.39432,
		"city" : null,
		"county" : "Bolton (obsolete)",
		"country_code" : "ENG",
		"country_name" : "England",
		"iso3166_2" : "GB-ENG",
		"region_code" : "NORTHWEST",
		"region_name" : "North West"
	},
	{
		"postcode" : "BL3",
		"easting" : 371400,
		"northing" : 407700,
		"latitude" : 53.56489,
		"longitude" : -2.43186,
		"city" : null,
		"county" : "Bolton (obsolete)",
		"country_code" : "ENG",
		"country_name" : "England",
		"iso3166_2" : "GB-ENG",
		"region_code" : "NORTHWEST",
		"region_name" : "North West"
	},
	{
		"postcode" : "BL4",
		"easting" : 373500,
		"northing" : 405700,
		"latitude" : 53.54702,
		"longitude" : -2.39999,
		"city" : null,
		"county" : "Bolton (obsolete)",
		"country_code" : "ENG",
		"country_name" : "England",
		"iso3166_2" : "GB-ENG",
		"region_code" : "NORTHWEST",
		"region_name" : "North West"
	},
	{
		"postcode" : "BL5",
		"easting" : 365900,
		"northing" : 406000,
		"latitude" : 53.54928,
		"longitude" : -2.51473,
		"city" : "Westhoughton",
		"county" : "Bolton (obsolete)",
		"country_code" : "ENG",
		"country_name" : "England",
		"iso3166_2" : "GB-ENG",
		"region_code" : "NORTHWEST",
		"region_name" : "North West"
	},
	{
		"postcode" : "BL6",
		"easting" : 364300,
		"northing" : 410700,
		"latitude" : 53.59142,
		"longitude" : -2.53941,
		"city" : "Horwich",
		"county" : "Bolton (obsolete)",
		"country_code" : "ENG",
		"country_name" : "England",
		"iso3166_2" : "GB-ENG",
		"region_code" : "NORTHWEST",
		"region_name" : "North West"
	},
	{
		"postcode" : "BL7",
		"easting" : 372100,
		"northing" : 414900,
		"latitude" : 53.62965,
		"longitude" : -2.42194,
		"city" : null,
		"county" : "Bolton (obsolete)",
		"country_code" : "ENG",
		"country_name" : "England",
		"iso3166_2" : "GB-ENG",
		"region_code" : "NORTHWEST",
		"region_name" : "North West"
	},
	{
		"postcode" : "BH1",
		"easting" : 409900,
		"northing" : 91700,
		"latitude" : 50.72427,
		"longitude" : -1.85973,
		"city" : null,
		"county" : "Bournemouth (obsolete)",
		"country_code" : "ENG",
		"country_name" : "England",
		"iso3166_2" : "GB-ENG",
		"region_code" : "SOUTHWEST",
		"region_name" : "South West"
	},
	{
		"postcode" : "BH10",
		"easting" : 407700,
		"northing" : 95500,
		"latitude" : 50.75847,
		"longitude" : -1.89082,
		"city" : null,
		"county" : "Bournemouth (obsolete)",
		"country_code" : "ENG",
		"country_name" : "England",
		"iso3166_2" : "GB-ENG",
		"region_code" : "SOUTHWEST",
		"region_name" : "South West"
	},
	{
		"postcode" : "BH11",
		"easting" : 405900,
		"northing" : 95800,
		"latitude" : 50.76119,
		"longitude" : -1.91634,
		"city" : null,
		"county" : "Bournemouth (obsolete)",
		"country_code" : "ENG",
		"country_name" : "England",
		"iso3166_2" : "GB-ENG",
		"region_code" : "SOUTHWEST",
		"region_name" : "South West"
	},
	{
		"postcode" : "BH2",
		"easting" : 408400,
		"northing" : 91400,
		"latitude" : 50.72159,
		"longitude" : -1.88099,
		"city" : null,
		"county" : "Bournemouth (obsolete)",
		"country_code" : "ENG",
		"country_name" : "England",
		"iso3166_2" : "GB-ENG",
		"region_code" : "SOUTHWEST",
		"region_name" : "South West"
	},
	{
		"postcode" : "BH3",
		"easting" : 408500,
		"northing" : 92900,
		"latitude" : 50.73508,
		"longitude" : -1.87954,
		"city" : null,
		"county" : "Bournemouth (obsolete)",
		"country_code" : "ENG",
		"country_name" : "England",
		"iso3166_2" : "GB-ENG",
		"region_code" : "SOUTHWEST",
		"region_name" : "South West"
	},
	{
		"postcode" : "BH4",
		"easting" : 407200,
		"northing" : 91300,
		"latitude" : 50.72071,
		"longitude" : -1.89799,
		"city" : null,
		"county" : "Bournemouth (obsolete)",
		"country_code" : "ENG",
		"country_name" : "England",
		"iso3166_2" : "GB-ENG",
		"region_code" : "SOUTHWEST",
		"region_name" : "South West"
	},
	{
		"postcode" : "BH5",
		"easting" : 411700,
		"northing" : 91800,
		"latitude" : 50.72513,
		"longitude" : -1.83422,
		"city" : null,
		"county" : "Bournemouth (obsolete)",
		"country_code" : "ENG",
		"country_name" : "England",
		"iso3166_2" : "GB-ENG",
		"region_code" : "SOUTHWEST",
		"region_name" : "South West"
	},
	{
		"postcode" : "BH6",
		"easting" : 413800,
		"northing" : 92000,
		"latitude" : 50.72688,
		"longitude" : -1.80446,
		"city" : null,
		"county" : "Bournemouth (obsolete)",
		"country_code" : "ENG",
		"country_name" : "England",
		"iso3166_2" : "GB-ENG",
		"region_code" : "SOUTHWEST",
		"region_name" : "South West"
	},
	{
		"postcode" : "BH7",
		"easting" : 411900,
		"northing" : 92900,
		"latitude" : 50.73502,
		"longitude" : -1.83135,
		"city" : null,
		"county" : "Bournemouth (obsolete)",
		"country_code" : "ENG",
		"country_name" : "England",
		"iso3166_2" : "GB-ENG",
		"region_code" : "SOUTHWEST",
		"region_name" : "South West"
	},
	{
		"postcode" : "BH8",
		"easting" : 410500,
		"northing" : 93500,
		"latitude" : 50.74044,
		"longitude" : -1.85118,
		"city" : null,
		"county" : "Bournemouth (obsolete)",
		"country_code" : "ENG",
		"country_name" : "England",
		"iso3166_2" : "GB-ENG",
		"region_code" : "SOUTHWEST",
		"region_name" : "South West"
	},
	{
		"postcode" : "BH9",
		"easting" : 409100,
		"northing" : 94500,
		"latitude" : 50.74946,
		"longitude" : -1.871,
		"city" : null,
		"county" : "Bournemouth (obsolete)",
		"country_code" : "ENG",
		"country_name" : "England",
		"iso3166_2" : "GB-ENG",
		"region_code" : "SOUTHWEST",
		"region_name" : "South West"
	},
	{
		"postcode" : "GU47",
		"easting" : 484400,
		"northing" : 161700,
		"latitude" : 51.34761,
		"longitude" : -0.78799,
		"city" : "Sandhurst",
		"county" : "Bracknell Forest (obsolete)",
		"country_code" : "ENG",
		"country_name" : "England",
		"iso3166_2" : "GB-ENG",
		"region_code" : "SOUTHEAST",
		"region_name" : "South East"
	},
	{
		"postcode" : "RG12",
		"easting" : 487000,
		"northing" : 168300,
		"latitude" : 51.40655,
		"longitude" : -0.74904,
		"city" : "Bracknell",
		"county" : "Bracknell Forest (obsolete)",
		"country_code" : "ENG",
		"country_name" : "England",
		"iso3166_2" : "GB-ENG",
		"region_code" : "SOUTHEAST",
		"region_name" : "South East"
	},
	{
		"postcode" : "RG42",
		"easting" : 486600,
		"northing" : 170600,
		"latitude" : 51.42729,
		"longitude" : -0.75423,
		"city" : "Warfield",
		"county" : "Bracknell Forest (obsolete)",
		"country_code" : "ENG",
		"country_name" : "England",
		"iso3166_2" : "GB-ENG",
		"region_code" : "SOUTHEAST",
		"region_name" : "South East"
	},
	{
		"postcode" : "BD1",
		"easting" : 416300,
		"northing" : 433300,
		"latitude" : 53.79554,
		"longitude" : -1.75252,
		"city" : "Queensbury",
		"county" : "Bradford (obsolete)",
		"country_code" : "ENG",
		"country_name" : "England",
		"iso3166_2" : "GB-ENG",
		"region_code" : "YORKHUMB",
		"region_name" : "Yorkshire and the Humber"
	},
	{
		"postcode" : "BD10",
		"easting" : 418100,
		"northing" : 437300,
		"latitude" : 53.83143,
		"longitude" : -1.72496,
		"city" : "Queensbury",
		"county" : "Bradford (obsolete)",
		"country_code" : "ENG",
		"country_name" : "England",
		"iso3166_2" : "GB-ENG",
		"region_code" : "YORKHUMB",
		"region_name" : "Yorkshire and the Humber"
	},
	{
		"postcode" : "BD12",
		"easting" : 415800,
		"northing" : 427800,
		"latitude" : 53.74611,
		"longitude" : -1.76039,
		"city" : "Queensbury",
		"county" : "Bradford (obsolete)",
		"country_code" : "ENG",
		"country_name" : "England",
		"iso3166_2" : "GB-ENG",
		"region_code" : "YORKHUMB",
		"region_name" : "Yorkshire and the Humber"
	},
	{
		"postcode" : "BD13",
		"easting" : 409300,
		"northing" : 432200,
		"latitude" : 53.78582,
		"longitude" : -1.85883,
		"city" : "Queensbury",
		"county" : "Bradford (obsolete)",
		"country_code" : "ENG",
		"country_name" : "England",
		"iso3166_2" : "GB-ENG",
		"region_code" : "YORKHUMB",
		"region_name" : "Yorkshire and the Humber"
	},
	{
		"postcode" : "BD14",
		"easting" : 412100,
		"northing" : 431800,
		"latitude" : 53.78217,
		"longitude" : -1.81635,
		"city" : "Queensbury",
		"county" : "Bradford (obsolete)",
		"country_code" : "ENG",
		"country_name" : "England",
		"iso3166_2" : "GB-ENG",
		"region_code" : "YORKHUMB",
		"region_name" : "Yorkshire and the Humber"
	},
	{
		"postcode" : "BD15",
		"easting" : 410800,
		"northing" : 434800,
		"latitude" : 53.80917,
		"longitude" : -1.83597,
		"city" : "Queensbury",
		"county" : "Bradford (obsolete)",
		"country_code" : "ENG",
		"country_name" : "England",
		"iso3166_2" : "GB-ENG",
		"region_code" : "YORKHUMB",
		"region_name" : "Yorkshire and the Humber"
	},
	{
		"postcode" : "BD16",
		"easting" : 411000,
		"northing" : 439200,
		"latitude" : 53.84871,
		"longitude" : -1.83278,
		"city" : "Bingley",
		"county" : "Bradford (obsolete)",
		"country_code" : "ENG",
		"country_name" : "England",
		"iso3166_2" : "GB-ENG",
		"region_code" : "YORKHUMB",
		"region_name" : "Yorkshire and the Humber"
	},
	{
		"postcode" : "BD17",
		"easting" : 415300,
		"northing" : 439000,
		"latitude" : 53.84681,
		"longitude" : -1.76742,
		"city" : "Queensbury",
		"county" : "Bradford (obsolete)",
		"country_code" : "ENG",
		"country_name" : "England",
		"iso3166_2" : "GB-ENG",
		"region_code" : "YORKHUMB",
		"region_name" : "Yorkshire and the Humber"
	},
	{
		"postcode" : "BD18",
		"easting" : 414700,
		"northing" : 437300,
		"latitude" : 53.83154,
		"longitude" : -1.77662,
		"city" : "Queensbury",
		"county" : "Bradford (obsolete)",
		"country_code" : "ENG",
		"country_name" : "England",
		"iso3166_2" : "GB-ENG",
		"region_code" : "YORKHUMB",
		"region_name" : "Yorkshire and the Humber"
	},
	{
		"postcode" : "BD2",
		"easting" : 417500,
		"northing" : 435400,
		"latitude" : 53.81438,
		"longitude" : -1.73418,
		"city" : "Queensbury",
		"county" : "Bradford (obsolete)",
		"country_code" : "ENG",
		"country_name" : "England",
		"iso3166_2" : "GB-ENG",
		"region_code" : "YORKHUMB",
		"region_name" : "Yorkshire and the Humber"
	},
	{
		"postcode" : "BD20",
		"easting" : 403500,
		"northing" : 444500,
		"latitude" : 53.89646,
		"longitude" : -1.94673,
		"city" : "Steeton",
		"county" : "Bradford (obsolete)",
		"country_code" : "ENG",
		"country_name" : "England",
		"iso3166_2" : "GB-ENG",
		"region_code" : "YORKHUMB",
		"region_name" : "Yorkshire and the Humber"
	},
	{
		"postcode" : "BD21",
		"easting" : 406200,
		"northing" : 440900,
		"latitude" : 53.86407,
		"longitude" : -1.90571,
		"city" : "Keighley",
		"county" : "Bradford (obsolete)",
		"country_code" : "ENG",
		"country_name" : "England",
		"iso3166_2" : "GB-ENG",
		"region_code" : "YORKHUMB",
		"region_name" : "Yorkshire and the Humber"
	},
	{
		"postcode" : "BD22",
		"easting" : 403100,
		"northing" : 438800,
		"latitude" : 53.84522,
		"longitude" : -1.95288,
		"city" : "Keighley",
		"county" : "Bradford (obsolete)",
		"country_code" : "ENG",
		"country_name" : "England",
		"iso3166_2" : "GB-ENG",
		"region_code" : "YORKHUMB",
		"region_name" : "Yorkshire and the Humber"
	},
	{
		"postcode" : "BD3",
		"easting" : 418000,
		"northing" : 433600,
		"latitude" : 53.79818,
		"longitude" : -1.72669,
		"city" : "Queensbury",
		"county" : "Bradford (obsolete)",
		"country_code" : "ENG",
		"country_name" : "England",
		"iso3166_2" : "GB-ENG",
		"region_code" : "YORKHUMB",
		"region_name" : "Yorkshire and the Humber"
	},
	{
		"postcode" : "BD4",
		"easting" : 418600,
		"northing" : 431100,
		"latitude" : 53.77569,
		"longitude" : -1.71773,
		"city" : "Queensbury",
		"county" : "Bradford (obsolete)",
		"country_code" : "ENG",
		"country_name" : "England",
		"iso3166_2" : "GB-ENG",
		"region_code" : "YORKHUMB",
		"region_name" : "Yorkshire and the Humber"
	},
	{
		"postcode" : "BD5",
		"easting" : 416000,
		"northing" : 431400,
		"latitude" : 53.77847,
		"longitude" : -1.75717,
		"city" : "Queensbury",
		"county" : "Bradford (obsolete)",
		"country_code" : "ENG",
		"country_name" : "England",
		"iso3166_2" : "GB-ENG",
		"region_code" : "YORKHUMB",
		"region_name" : "Yorkshire and the Humber"
	},
	{
		"postcode" : "BD6",
		"easting" : 414300,
		"northing" : 429800,
		"latitude" : 53.76414,
		"longitude" : -1.78305,
		"city" : "Queensbury",
		"county" : "Bradford (obsolete)",
		"country_code" : "ENG",
		"country_name" : "England",
		"iso3166_2" : "GB-ENG",
		"region_code" : "YORKHUMB",
		"region_name" : "Yorkshire and the Humber"
	},
	{
		"postcode" : "BD7",
		"easting" : 414400,
		"northing" : 431900,
		"latitude" : 53.78301,
		"longitude" : -1.78143,
		"city" : "Queensbury",
		"county" : "Bradford (obsolete)",
		"country_code" : "ENG",
		"country_name" : "England",
		"iso3166_2" : "GB-ENG",
		"region_code" : "YORKHUMB",
		"region_name" : "Yorkshire and the Humber"
	},
	{
		"postcode" : "BD8",
		"easting" : 414400,
		"northing" : 433900,
		"latitude" : 53.80099,
		"longitude" : -1.78134,
		"city" : "Queensbury",
		"county" : "Bradford (obsolete)",
		"country_code" : "ENG",
		"country_name" : "England",
		"iso3166_2" : "GB-ENG",
		"region_code" : "YORKHUMB",
		"region_name" : "Yorkshire and the Humber"
	},
	{
		"postcode" : "BD9",
		"easting" : 413900,
		"northing" : 435100,
		"latitude" : 53.81179,
		"longitude" : -1.78888,
		"city" : "Queensbury",
		"county" : "Bradford (obsolete)",
		"country_code" : "ENG",
		"country_name" : "England",
		"iso3166_2" : "GB-ENG",
		"region_code" : "YORKHUMB",
		"region_name" : "Yorkshire and the Humber"
	},
	{
		"postcode" : "LS29",
		"easting" : 412900,
		"northing" : 447200,
		"latitude" : 53.92058,
		"longitude" : -1.80356,
		"city" : "Ilkley",
		"county" : "Bradford (obsolete)",
		"country_code" : "ENG",
		"country_name" : "England",
		"iso3166_2" : "GB-ENG",
		"region_code" : "YORKHUMB",
		"region_name" : "Yorkshire and the Humber"
	},
	{
		"postcode" : "BN1",
		"easting" : 531100,
		"northing" : 106100,
		"latitude" : 50.839,
		"longitude" : -0.13786,
		"city" : "Brighton",
		"county" : "Brighton and Hove (obsolete)",
		"country_code" : "ENG",
		"country_name" : "England",
		"iso3166_2" : "GB-ENG",
		"region_code" : "SOUTHEAST",
		"region_name" : "South East"
	},
	{
		"postcode" : "BN2",
		"easting" : 533600,
		"northing" : 104500,
		"latitude" : 50.82405,
		"longitude" : -0.10296,
		"city" : "Brighton",
		"county" : "Brighton and Hove (obsolete)",
		"country_code" : "ENG",
		"country_name" : "England",
		"iso3166_2" : "GB-ENG",
		"region_code" : "SOUTHEAST",
		"region_name" : "South East"
	},
	{
		"postcode" : "BN3",
		"easting" : 528500,
		"northing" : 105500,
		"latitude" : 50.83419,
		"longitude" : -0.17498,
		"city" : "Brighton",
		"county" : "Brighton and Hove (obsolete)",
		"country_code" : "ENG",
		"country_name" : "England",
		"iso3166_2" : "GB-ENG",
		"region_code" : "SOUTHEAST",
		"region_name" : "South East"
	},
	{
		"postcode" : "BN41",
		"easting" : 525700,
		"northing" : 106100,
		"latitude" : 50.8402,
		"longitude" : -0.21452,
		"city" : "Brighton",
		"county" : "Brighton and Hove (obsolete)",
		"country_code" : "ENG",
		"country_name" : "England",
		"iso3166_2" : "GB-ENG",
		"region_code" : "SOUTHEAST",
		"region_name" : "South East"
	},
	{
		"postcode" : "MK18",
		"easting" : 470800,
		"northing" : 231800,
		"latitude" : 51.97972,
		"longitude" : -0.96904,
		"city" : null,
		"county" : "Buckinghamshire",
		"country_code" : "ENG",
		"country_name" : "England",
		"iso3166_2" : "GB-ENG",
		"region_code" : "SOUTHWEST",
		"region_name" : "#N\/A"
	},
	{
		"postcode" : "HP10",
		"easting" : 489900,
		"northing" : 190900,
		"latitude" : 51.60928,
		"longitude" : -0.70159,
		"city" : "Chepping Wycombe",
		"county" : "Buckinghamshire",
		"country_code" : "ENG",
		"country_name" : "England",
		"iso3166_2" : "GB-ENG",
		"region_code" : "SOUTHEAST",
		"region_name" : "South East"
	},
	{
		"postcode" : "HP11",
		"easting" : 486900,
		"northing" : 192500,
		"latitude" : 51.62413,
		"longitude" : -0.74451,
		"city" : "High Wycombe",
		"county" : "Buckinghamshire",
		"country_code" : "ENG",
		"country_name" : "England",
		"iso3166_2" : "GB-ENG",
		"region_code" : "SOUTHEAST",
		"region_name" : "South East"
	},
	{
		"postcode" : "HP12",
		"easting" : 484600,
		"northing" : 192600,
		"latitude" : 51.62538,
		"longitude" : -0.77771,
		"city" : "High Wycombe",
		"county" : "Buckinghamshire",
		"country_code" : "ENG",
		"country_name" : "England",
		"iso3166_2" : "GB-ENG",
		"region_code" : "SOUTHEAST",
		"region_name" : "South East"
	},
	{
		"postcode" : "HP13",
		"easting" : 487100,
		"northing" : 193500,
		"latitude" : 51.63309,
		"longitude" : -0.74137,
		"city" : "High Wycombe",
		"county" : "Buckinghamshire",
		"country_code" : "ENG",
		"country_name" : "England",
		"iso3166_2" : "GB-ENG",
		"region_code" : "SOUTHEAST",
		"region_name" : "South East"
	},
	{
		"postcode" : "HP14",
		"easting" : 481000,
		"northing" : 195100,
		"latitude" : 51.64839,
		"longitude" : -0.82913,
		"city" : "Bledlow-cum-Saunderton",
		"county" : "Buckinghamshire",
		"country_code" : "ENG",
		"country_name" : "England",
		"iso3166_2" : "GB-ENG",
		"region_code" : "SOUTHEAST",
		"region_name" : "South East"
	},
	{
		"postcode" : "HP15",
		"easting" : 489100,
		"northing" : 196100,
		"latitude" : 51.65615,
		"longitude" : -0.71182,
		"city" : "Hazlemere",
		"county" : "Buckinghamshire",
		"country_code" : "ENG",
		"country_name" : "England",
		"iso3166_2" : "GB-ENG",
		"region_code" : "SOUTHEAST",
		"region_name" : "South East"
	},
	{
		"postcode" : "HP16",
		"easting" : 488600,
		"northing" : 201200,
		"latitude" : 51.70208,
		"longitude" : -0.71775,
		"city" : "Great Missenden",
		"county" : "Buckinghamshire",
		"country_code" : "ENG",
		"country_name" : "England",
		"iso3166_2" : "GB-ENG",
		"region_code" : "SOUTHEAST",
		"region_name" : "South East"
	},
	{
		"postcode" : "HP17",
		"easting" : 478000,
		"northing" : 209200,
		"latitude" : 51.77558,
		"longitude" : -0.86933,
		"city" : "Dinton",
		"county" : "Buckinghamshire",
		"country_code" : "ENG",
		"country_name" : "England",
		"iso3166_2" : "GB-ENG",
		"region_code" : "SOUTHEAST",
		"region_name" : "South East"
	},
	{
		"postcode" : "HP18",
		"easting" : 470200,
		"northing" : 213300,
		"latitude" : 51.81347,
		"longitude" : -0.98155,
		"city" : "Ashendon",
		"county" : "Buckinghamshire",
		"country_code" : "ENG",
		"country_name" : "England",
		"iso3166_2" : "GB-ENG",
		"region_code" : "SOUTHEAST",
		"region_name" : "South East"
	},
	{
		"postcode" : "HP19",
		"easting" : 481000,
		"northing" : 214400,
		"latitude" : 51.8219,
		"longitude" : -0.82464,
		"city" : "Aylesbury",
		"county" : "Buckinghamshire",
		"country_code" : "ENG",
		"country_name" : "England",
		"iso3166_2" : "GB-ENG",
		"region_code" : "SOUTHEAST",
		"region_name" : "South East"
	},
	{
		"postcode" : "HP20",
		"easting" : 482500,
		"northing" : 214100,
		"latitude" : 51.81898,
		"longitude" : -0.80295,
		"city" : "Aylesbury",
		"county" : "Buckinghamshire",
		"country_code" : "ENG",
		"country_name" : "England",
		"iso3166_2" : "GB-ENG",
		"region_code" : "SOUTHEAST",
		"region_name" : "South East"
	},
	{
		"postcode" : "HP21",
		"easting" : 482400,
		"northing" : 212700,
		"latitude" : 51.80641,
		"longitude" : -0.80473,
		"city" : "Aylesbury",
		"county" : "Buckinghamshire",
		"country_code" : "ENG",
		"country_name" : "England",
		"iso3166_2" : "GB-ENG",
		"region_code" : "SOUTHEAST",
		"region_name" : "South East"
	},
	{
		"postcode" : "HP22",
		"easting" : 485100,
		"northing" : 212700,
		"latitude" : 51.80601,
		"longitude" : -0.76558,
		"city" : "Weston Turville",
		"county" : "Buckinghamshire",
		"country_code" : "ENG",
		"country_name" : "England",
		"iso3166_2" : "GB-ENG",
		"region_code" : "SOUTHEAST",
		"region_name" : "South East"
	},
	{
		"postcode" : "HP27",
		"easting" : 480800,
		"northing" : 203000,
		"latitude" : 51.71944,
		"longitude" : -0.83019,
		"city" : "Princes Risborough",
		"county" : "Buckinghamshire",
		"country_code" : "ENG",
		"country_name" : "England",
		"iso3166_2" : "GB-ENG",
		"region_code" : "SOUTHEAST",
		"region_name" : "South East"
	},
	{
		"postcode" : "HP5",
		"easting" : 496200,
		"northing" : 202500,
		"latitude" : 51.71251,
		"longitude" : -0.60744,
		"city" : "Chesham",
		"county" : "Buckinghamshire",
		"country_code" : "ENG",
		"country_name" : "England",
		"iso3166_2" : "GB-ENG",
		"region_code" : "SOUTHEAST",
		"region_name" : "South East"
	},
	{
		"postcode" : "HP6",
		"easting" : 496900,
		"northing" : 198700,
		"latitude" : 51.67823,
		"longitude" : -0.59836,
		"city" : "Amersham",
		"county" : "Buckinghamshire",
		"country_code" : "ENG",
		"country_name" : "England",
		"iso3166_2" : "GB-ENG",
		"region_code" : "SOUTHEAST",
		"region_name" : "South East"
	},
	{
		"postcode" : "HP7",
		"easting" : 496200,
		"northing" : 197200,
		"latitude" : 51.66487,
		"longitude" : -0.6089,
		"city" : "Amersham",
		"county" : "Buckinghamshire",
		"country_code" : "ENG",
		"country_name" : "England",
		"iso3166_2" : "GB-ENG",
		"region_code" : "SOUTHEAST",
		"region_name" : "South East"
	},
	{
		"postcode" : "HP8",
		"easting" : 498700,
		"northing" : 194800,
		"latitude" : 51.64286,
		"longitude" : -0.57344,
		"city" : "Chalfont St Giles",
		"county" : "Buckinghamshire",
		"country_code" : "ENG",
		"country_name" : "England",
		"iso3166_2" : "GB-ENG",
		"region_code" : "SOUTHEAST",
		"region_name" : "South East"
	},
	{
		"postcode" : "HP9",
		"easting" : 494300,
		"northing" : 191100,
		"latitude" : 51.61035,
		"longitude" : -0.63801,
		"city" : "Beaconsfield",
		"county" : "Buckinghamshire",
		"country_code" : "ENG",
		"country_name" : "England",
		"iso3166_2" : "GB-ENG",
		"region_code" : "SOUTHEAST",
		"region_name" : "South East"
	},
	{
		"postcode" : "SL0",
		"easting" : 503100,
		"northing" : 181700,
		"latitude" : 51.52431,
		"longitude" : -0.51371,
		"city" : "Iver",
		"county" : "Buckinghamshire",
		"country_code" : "ENG",
		"country_name" : "England",
		"iso3166_2" : "GB-ENG",
		"region_code" : "SOUTHEAST",
		"region_name" : "South East"
	},
	{
		"postcode" : "SL7",
		"easting" : 484800,
		"northing" : 186900,
		"latitude" : 51.57411,
		"longitude" : -0.7762,
		"city" : "Marlow",
		"county" : "Buckinghamshire",
		"country_code" : "ENG",
		"country_name" : "England",
		"iso3166_2" : "GB-ENG",
		"region_code" : "SOUTHEAST",
		"region_name" : "South East"
	},
	{
		"postcode" : "SL8",
		"easting" : 489600,
		"northing" : 187400,
		"latitude" : 51.57786,
		"longitude" : -0.70682,
		"city" : "Wooburn",
		"county" : "Buckinghamshire",
		"country_code" : "ENG",
		"country_name" : "England",
		"iso3166_2" : "GB-ENG",
		"region_code" : "SOUTHEAST",
		"region_name" : "South East"
	},
	{
		"postcode" : "SL9",
		"easting" : 500100,
		"northing" : 189700,
		"latitude" : 51.59677,
		"longitude" : -0.55467,
		"city" : "Chalfont St Peter",
		"county" : "Buckinghamshire",
		"country_code" : "ENG",
		"country_name" : "England",
		"iso3166_2" : "GB-ENG",
		"region_code" : "SOUTHEAST",
		"region_name" : "South East"
	},
	{
		"postcode" : "UB9",
		"easting" : 504600,
		"northing" : 188100,
		"latitude" : 51.58157,
		"longitude" : -0.49019,
		"city" : "Denham Green",
		"county" : "Buckinghamshire",
		"country_code" : "ENG",
		"country_name" : "England",
		"iso3166_2" : "GB-ENG",
		"region_code" : "SOUTHEAST",
		"region_name" : "South East"
	},
	{
		"postcode" : "BL0",
		"easting" : 379200,
		"northing" : 416600,
		"latitude" : 53.64526,
		"longitude" : -2.31468,
		"city" : "Ramsbottom",
		"county" : "Bury (obsolete)",
		"country_code" : "ENG",
		"country_name" : "England",
		"iso3166_2" : "GB-ENG",
		"region_code" : "NORTHWEST",
		"region_name" : "North West"
	},
	{
		"postcode" : "BL8",
		"easting" : 378400,
		"northing" : 412100,
		"latitude" : 53.60478,
		"longitude" : -2.32647,
		"city" : null,
		"county" : "Bury (obsolete)",
		"country_code" : "ENG",
		"country_name" : "England",
		"iso3166_2" : "GB-ENG",
		"region_code" : "NORTHWEST",
		"region_name" : "North West"
	},
	{
		"postcode" : "BL9",
		"easting" : 381100,
		"northing" : 410600,
		"latitude" : 53.5914,
		"longitude" : -2.28557,
		"city" : null,
		"county" : "Bury (obsolete)",
		"country_code" : "ENG",
		"country_name" : "England",
		"iso3166_2" : "GB-ENG",
		"region_code" : "NORTHWEST",
		"region_name" : "North West"
	},
	{
		"postcode" : "M25",
		"easting" : 381800,
		"northing" : 403600,
		"latitude" : 53.5285,
		"longitude" : -2.27459,
		"city" : null,
		"county" : "Bury (obsolete)",
		"country_code" : "ENG",
		"country_name" : "England",
		"iso3166_2" : "GB-ENG",
		"region_code" : "NORTHWEST",
		"region_name" : "North West"
	},
	{
		"postcode" : "M26",
		"easting" : 377900,
		"northing" : 407300,
		"latitude" : 53.56161,
		"longitude" : -2.33369,
		"city" : null,
		"county" : "Bury (obsolete)",
		"country_code" : "ENG",
		"country_name" : "England",
		"iso3166_2" : "GB-ENG",
		"region_code" : "NORTHWEST",
		"region_name" : "North West"
	},
	{
		"postcode" : "M45",
		"easting" : 380900,
		"northing" : 405700,
		"latitude" : 53.54734,
		"longitude" : -2.28829,
		"city" : null,
		"county" : "Bury (obsolete)",
		"country_code" : "ENG",
		"country_name" : "England",
		"iso3166_2" : "GB-ENG",
		"region_code" : "NORTHWEST",
		"region_name" : "North West"
	},
	{
		"postcode" : "HD6",
		"easting" : 414400,
		"northing" : 422800,
		"latitude" : 53.70121,
		"longitude" : -1.78186,
		"city" : "Halifax",
		"county" : "Calderdale (obsolete)",
		"country_code" : "ENG",
		"country_name" : "England",
		"iso3166_2" : "GB-ENG",
		"region_code" : "YORKHUMB",
		"region_name" : "Yorkshire and the Humber"
	},
	{
		"postcode" : "HX1",
		"easting" : 408600,
		"northing" : 425000,
		"latitude" : 53.72111,
		"longitude" : -1.86966,
		"city" : "Halifax",
		"county" : "Calderdale (obsolete)",
		"country_code" : "ENG",
		"country_name" : "England",
		"iso3166_2" : "GB-ENG",
		"region_code" : "YORKHUMB",
		"region_name" : "Yorkshire and the Humber"
	},
	{
		"postcode" : "HX2",
		"easting" : 406300,
		"northing" : 426800,
		"latitude" : 53.73733,
		"longitude" : -1.90448,
		"city" : "Halifax",
		"county" : "Calderdale (obsolete)",
		"country_code" : "ENG",
		"country_name" : "England",
		"iso3166_2" : "GB-ENG",
		"region_code" : "YORKHUMB",
		"region_name" : "Yorkshire and the Humber"
	},
	{
		"postcode" : "HX3",
		"easting" : 410300,
		"northing" : 425600,
		"latitude" : 53.72648,
		"longitude" : -1.84387,
		"city" : "Halifax",
		"county" : "Calderdale (obsolete)",
		"country_code" : "ENG",
		"country_name" : "England",
		"iso3166_2" : "GB-ENG",
		"region_code" : "YORKHUMB",
		"region_name" : "Yorkshire and the Humber"
	},
	{
		"postcode" : "HX4",
		"easting" : 407900,
		"northing" : 420400,
		"latitude" : 53.67978,
		"longitude" : -1.88039,
		"city" : "Halifax",
		"county" : "Calderdale (obsolete)",
		"country_code" : "ENG",
		"country_name" : "England",
		"iso3166_2" : "GB-ENG",
		"region_code" : "YORKHUMB",
		"region_name" : "Yorkshire and the Humber"
	},
	{
		"postcode" : "HX5",
		"easting" : 410900,
		"northing" : 421100,
		"latitude" : 53.68601,
		"longitude" : -1.83494,
		"city" : "Halifax",
		"county" : "Calderdale (obsolete)",
		"country_code" : "ENG",
		"country_name" : "England",
		"iso3166_2" : "GB-ENG",
		"region_code" : "YORKHUMB",
		"region_name" : "Yorkshire and the Humber"
	},
	{
		"postcode" : "HX6",
		"easting" : 405000,
		"northing" : 422400,
		"latitude" : 53.69779,
		"longitude" : -1.92426,
		"city" : "Halifax",
		"county" : "Calderdale (obsolete)",
		"country_code" : "ENG",
		"country_name" : "England",
		"iso3166_2" : "GB-ENG",
		"region_code" : "YORKHUMB",
		"region_name" : "Yorkshire and the Humber"
	},
	{
		"postcode" : "HX7",
		"easting" : 399500,
		"northing" : 427000,
		"latitude" : 53.73916,
		"longitude" : -2.00758,
		"city" : "Hebden Royd",
		"county" : "Calderdale (obsolete)",
		"country_code" : "ENG",
		"country_name" : "England",
		"iso3166_2" : "GB-ENG",
		"region_code" : "YORKHUMB",
		"region_name" : "Yorkshire and the Humber"
	},
	{
		"postcode" : "OL14",
		"easting" : 393500,
		"northing" : 424200,
		"latitude" : 53.71395,
		"longitude" : -2.0985,
		"city" : "Todmorden",
		"county" : "Calderdale (obsolete)",
		"country_code" : "ENG",
		"country_name" : "England",
		"iso3166_2" : "GB-ENG",
		"region_code" : "YORKHUMB",
		"region_name" : "Yorkshire and the Humber"
	},
	{
		"postcode" : "CB1",
		"easting" : 549700,
		"northing" : 255400,
		"latitude" : 52.17611,
		"longitude" : 0.18955,
		"city" : "Fulbourn",
		"county" : "Cambridgeshire",
		"country_code" : "ENG",
		"country_name" : "England",
		"iso3166_2" : "GB-ENG",
		"region_code" : "EAST",
		"region_name" : "East of England"
	},
	{
		"postcode" : "CB2",
		"easting" : 545900,
		"northing" : 253800,
		"latitude" : 52.16276,
		"longitude" : 0.13333,
		"city" : "Great Shelford",
		"county" : "Cambridgeshire",
		"country_code" : "ENG",
		"country_name" : "England",
		"iso3166_2" : "GB-ENG",
		"region_code" : "EAST",
		"region_name" : "East of England"
	},
	{
		"postcode" : "CB21",
		"easting" : 557100,
		"northing" : 250712,
		"latitude" : 52.13194,
		"longitude" : 0.29553,
		"city" : "Balsham",
		"county" : "Cambridgeshire",
		"country_code" : "ENG",
		"country_name" : "England",
		"iso3166_2" : "GB-ENG",
		"region_code" : "EAST",
		"region_name" : "East of England"
	},
	{
		"postcode" : "CB22",
		"easting" : 545719,
		"northing" : 249835,
		"latitude" : 52.12718,
		"longitude" : 0.12898,
		"city" : "Little Shelford",
		"county" : "Cambridgeshire",
		"country_code" : "ENG",
		"country_name" : "England",
		"iso3166_2" : "GB-ENG",
		"region_code" : "EAST",
		"region_name" : "East of England"
	},
	{
		"postcode" : "CB23",
		"easting" : 535114,
		"northing" : 259140,
		"latitude" : 52.21349,
		"longitude" : -0.02215,
		"city" : "Highfields",
		"county" : "Cambridgeshire",
		"country_code" : "ENG",
		"country_name" : "England",
		"iso3166_2" : "GB-ENG",
		"region_code" : "EAST",
		"region_name" : "East of England"
	},
	{
		"postcode" : "CB24",
		"easting" : 538196,
		"northing" : 270565,
		"latitude" : 52.31538,
		"longitude" : 0.02762,
		"city" : "Over",
		"county" : "Cambridgeshire",
		"country_code" : "ENG",
		"country_name" : "England",
		"iso3166_2" : "GB-ENG",
		"region_code" : "EAST",
		"region_name" : "East of England"
	},
	{
		"postcode" : "CB25",
		"easting" : 552595,
		"northing" : 264917,
		"latitude" : 52.26083,
		"longitude" : 0.23615,
		"city" : "Lode",
		"county" : "Cambridgeshire",
		"country_code" : "ENG",
		"country_name" : "England",
		"iso3166_2" : "GB-ENG",
		"region_code" : "EAST",
		"region_name" : "East of England"
	},
	{
		"postcode" : "CB3",
		"easting" : 538300,
		"northing" : 259200,
		"latitude" : 52.21324,
		"longitude" : 0.02448,
		"city" : "Hardwick",
		"county" : "Cambridgeshire",
		"country_code" : "ENG",
		"country_name" : "England",
		"iso3166_2" : "GB-ENG",
		"region_code" : "EAST",
		"region_name" : "East of England"
	},
	{
		"postcode" : "CB4",
		"easting" : 544400,
		"northing" : 262700,
		"latitude" : 52.24312,
		"longitude" : 0.11521,
		"city" : "Impington",
		"county" : "Cambridgeshire",
		"country_code" : "ENG",
		"country_name" : "England",
		"iso3166_2" : "GB-ENG",
		"region_code" : "EAST",
		"region_name" : "East of England"
	},
	{
		"postcode" : "CB5",
		"easting" : 550900,
		"northing" : 262400,
		"latitude" : 52.23868,
		"longitude" : 0.21021,
		"city" : "Stow cum Quy",
		"county" : "Cambridgeshire",
		"country_code" : "ENG",
		"country_name" : "England",
		"iso3166_2" : "GB-ENG",
		"region_code" : "EAST",
		"region_name" : "East of England"
	},
	{
		"postcode" : "CB6",
		"easting" : 551300,
		"northing" : 280800,
		"latitude" : 52.40388,
		"longitude" : 0.22434,
		"city" : "Downham",
		"county" : "Cambridgeshire",
		"country_code" : "ENG",
		"country_name" : "England",
		"iso3166_2" : "GB-ENG",
		"region_code" : "EAST",
		"region_name" : "East of England"
	},
	{
		"postcode" : "CB7",
		"easting" : 558000,
		"northing" : 276800,
		"latitude" : 52.36606,
		"longitude" : 0.32087,
		"city" : "Soham",
		"county" : "Cambridgeshire",
		"country_code" : "ENG",
		"country_name" : "England",
		"iso3166_2" : "GB-ENG",
		"region_code" : "EAST",
		"region_name" : "East of England"
	},
	{
		"postcode" : "CB8",
		"easting" : 565700,
		"northing" : 262000,
		"latitude" : 52.23083,
		"longitude" : 0.42659,
		"city" : "Woodditton",
		"county" : "Cambridgeshire",
		"country_code" : "ENG",
		"country_name" : "England",
		"iso3166_2" : "GB-ENG",
		"region_code" : "EAST",
		"region_name" : "East of England"
	},
	{
		"postcode" : "PE13",
		"easting" : 544600,
		"northing" : 310100,
		"latitude" : 52.66895,
		"longitude" : 0.13868,
		"city" : "Wisbech",
		"county" : "Cambridgeshire",
		"country_code" : "ENG",
		"country_name" : "England",
		"iso3166_2" : "GB-ENG",
		"region_code" : "EAST",
		"region_name" : "East of England"
	},
	{
		"postcode" : "PE15",
		"easting" : 541500,
		"northing" : 295200,
		"latitude" : 52.53589,
		"longitude" : 0.08649,
		"city" : "March",
		"county" : "Cambridgeshire",
		"country_code" : "ENG",
		"country_name" : "England",
		"iso3166_2" : "GB-ENG",
		"region_code" : "EAST",
		"region_name" : "East of England"
	},
	{
		"postcode" : "PE16",
		"easting" : 539300,
		"northing" : 286000,
		"latitude" : 52.45379,
		"longitude" : 0.05022,
		"city" : "Chatteris",
		"county" : "Cambridgeshire",
		"country_code" : "ENG",
		"country_name" : "England",
		"iso3166_2" : "GB-ENG",
		"region_code" : "EAST",
		"region_name" : "East of England"
	},
	{
		"postcode" : "PE19",
		"easting" : 518900,
		"northing" : 261900,
		"latitude" : 52.24203,
		"longitude" : -0.2584,
		"city" : "St Neots",
		"county" : "Cambridgeshire",
		"country_code" : "ENG",
		"country_name" : "England",
		"iso3166_2" : "GB-ENG",
		"region_code" : "EAST",
		"region_name" : "East of England"
	},
	{
		"postcode" : "PE26",
		"easting" : 528200,
		"northing" : 285600,
		"latitude" : 52.45292,
		"longitude" : -0.1132,
		"city" : "Ramsey",
		"county" : "Cambridgeshire",
		"country_code" : "ENG",
		"country_name" : "England",
		"iso3166_2" : "GB-ENG",
		"region_code" : "EAST",
		"region_name" : "East of England"
	},
	{
		"postcode" : "PE27",
		"easting" : 531100,
		"northing" : 272400,
		"latitude" : 52.33361,
		"longitude" : -0.07572,
		"city" : "St Ives",
		"county" : "Cambridgeshire",
		"country_code" : "ENG",
		"country_name" : "England",
		"iso3166_2" : "GB-ENG",
		"region_code" : "EAST",
		"region_name" : "East of England"
	},
	{
		"postcode" : "PE28",
		"easting" : 523500,
		"northing" : 274900,
		"latitude" : 52.35784,
		"longitude" : -0.18629,
		"city" : "The Stukeleys",
		"county" : "Cambridgeshire",
		"country_code" : "ENG",
		"country_name" : "England",
		"iso3166_2" : "GB-ENG",
		"region_code" : "EAST",
		"region_name" : "East of England"
	},
	{
		"postcode" : "PE29",
		"easting" : 524100,
		"northing" : 272200,
		"latitude" : 52.33345,
		"longitude" : -0.17848,
		"city" : "Huntingdon",
		"county" : "Cambridgeshire",
		"country_code" : "ENG",
		"country_name" : "England",
		"iso3166_2" : "GB-ENG",
		"region_code" : "EAST",
		"region_name" : "East of England"
	},
	{
		"postcode" : "PE7",
		"easting" : 522200,
		"northing" : 295000,
		"latitude" : 52.53877,
		"longitude" : -0.19801,
		"city" : "Farcet",
		"county" : "Cambridgeshire",
		"country_code" : "ENG",
		"country_name" : "England",
		"iso3166_2" : "GB-ENG",
		"region_code" : "EAST",
		"region_name" : "East of England"
	},
	{
		"postcode" : "SG8",
		"easting" : 536200,
		"northing" : 242500,
		"latitude" : 52.06369,
		"longitude" : -0.01293,
		"city" : "Melbourn",
		"county" : "Cambridgeshire",
		"country_code" : "ENG",
		"country_name" : "England",
		"iso3166_2" : "GB-ENG",
		"region_code" : "EAST",
		"region_name" : "East of England"
	},
	{
		"postcode" : "LU5",
		"easting" : 502300,
		"northing" : 224400,
		"latitude" : 51.90829,
		"longitude" : -0.5127,
		"city" : "Thorn",
		"county" : "Bedfordshire",
		"country_code" : "ENG",
		"country_name" : "England",
		"iso3166_2" : "GB-ENG",
		"region_code" : "EAST",
		"region_name" : "East of England"
	},
	{
		"postcode" : "LU6",
		"easting" : 500800,
		"northing" : 220900,
		"latitude" : 51.87711,
		"longitude" : -0.53552,
		"city" : "Dunstable",
		"county" : "Bedfordshire",
		"country_code" : "ENG",
		"country_name" : "England",
		"iso3166_2" : "GB-ENG",
		"region_code" : "EAST",
		"region_name" : "East of England"
	},
	{
		"postcode" : "LU7",
		"easting" : 491900,
		"northing" : 224300,
		"latitude" : 51.90921,
		"longitude" : -0.66388,
		"city" : "Leighton-Linslade",
		"county" : "Bedfordshire",
		"country_code" : "ENG",
		"country_name" : "England",
		"iso3166_2" : "GB-ENG",
		"region_code" : "EAST",
		"region_name" : "East of England"
	},
	{
		"postcode" : "MK45",
		"easting" : 505100,
		"northing" : 237400,
		"latitude" : 52.02462,
		"longitude" : -0.46803,
		"city" : "Maulden",
		"county" : "Bedfordshire",
		"country_code" : "ENG",
		"country_name" : "England",
		"iso3166_2" : "GB-ENG",
		"region_code" : "EAST",
		"region_name" : "East of England"
	},
	{
		"postcode" : "SG15",
		"easting" : 519300,
		"northing" : 236400,
		"latitude" : 52.01276,
		"longitude" : -0.26149,
		"city" : "Arlesey",
		"county" : "Bedfordshire",
		"country_code" : "ENG",
		"country_name" : "England",
		"iso3166_2" : "GB-ENG",
		"region_code" : "EAST",
		"region_name" : "East of England"
	},
	{
		"postcode" : "SG16",
		"easting" : 516900,
		"northing" : 236600,
		"latitude" : 52.01507,
		"longitude" : -0.29638,
		"city" : "Henlow",
		"county" : "Bedfordshire",
		"country_code" : "ENG",
		"country_name" : "England",
		"iso3166_2" : "GB-ENG",
		"region_code" : "EAST",
		"region_name" : "East of England"
	},
	{
		"postcode" : "SG17",
		"easting" : 514500,
		"northing" : 238700,
		"latitude" : 52.03445,
		"longitude" : -0.33063,
		"city" : "Shefford",
		"county" : "Bedfordshire",
		"country_code" : "ENG",
		"country_name" : "England",
		"iso3166_2" : "GB-ENG",
		"region_code" : "EAST",
		"region_name" : "East of England"
	},
	{
		"postcode" : "SG18",
		"easting" : 518800,
		"northing" : 244100,
		"latitude" : 52.08208,
		"longitude" : -0.26609,
		"city" : "Biggleswade",
		"county" : "Bedfordshire",
		"country_code" : "ENG",
		"country_name" : "England",
		"iso3166_2" : "GB-ENG",
		"region_code" : "EAST",
		"region_name" : "East of England"
	},
	{
		"postcode" : "SG19",
		"easting" : 520400,
		"northing" : 250500,
		"latitude" : 52.13925,
		"longitude" : -0.24049,
		"city" : "Everton",
		"county" : "Bedfordshire",
		"country_code" : "ENG",
		"country_name" : "England",
		"iso3166_2" : "GB-ENG",
		"region_code" : "EAST",
		"region_name" : "East of England"
	},
	{
		"postcode" : "CW1",
		"easting" : 370900,
		"northing" : 356300,
		"latitude" : 53.10281,
		"longitude" : -2.43469,
		"city" : "Crewe",
		"county" : "Cheshire",
		"country_code" : "ENG",
		"country_name" : "England",
		"iso3166_2" : "GB-ENG",
		"region_code" : "NORTHWEST",
		"region_name" : "North West"
	},
	{
		"postcode" : "CW10",
		"easting" : 370200,
		"northing" : 365900,
		"latitude" : 53.18907,
		"longitude" : -2.44604,
		"city" : "Middlewich",
		"county" : "Cheshire",
		"country_code" : "ENG",
		"country_name" : "England",
		"iso3166_2" : "GB-ENG",
		"region_code" : "NORTHWEST",
		"region_name" : "North West"
	},
	{
		"postcode" : "CW11",
		"easting" : 375600,
		"northing" : 360700,
		"latitude" : 53.1426,
		"longitude" : -2.36482,
		"city" : "Sandbach",
		"county" : "Cheshire",
		"country_code" : "ENG",
		"country_name" : "England",
		"iso3166_2" : "GB-ENG",
		"region_code" : "NORTHWEST",
		"region_name" : "North West"
	},
	{
		"postcode" : "CW12",
		"easting" : 385900,
		"northing" : 363100,
		"latitude" : 53.16455,
		"longitude" : -2.21093,
		"city" : "Congleton",
		"county" : "Cheshire",
		"country_code" : "ENG",
		"country_name" : "England",
		"iso3166_2" : "GB-ENG",
		"region_code" : "NORTHWEST",
		"region_name" : "North West"
	},
	{
		"postcode" : "CW2",
		"easting" : 370100,
		"northing" : 353900,
		"latitude" : 53.08119,
		"longitude" : -2.44642,
		"city" : "Crewe",
		"county" : "Cheshire",
		"country_code" : "ENG",
		"country_name" : "England",
		"iso3166_2" : "GB-ENG",
		"region_code" : "NORTHWEST",
		"region_name" : "North West"
	},
	{
		"postcode" : "CW3",
		"easting" : 372800,
		"northing" : 344800,
		"latitude" : 52.99952,
		"longitude" : -2.40534,
		"city" : "Bridgemere",
		"county" : "Cheshire",
		"country_code" : "ENG",
		"country_name" : "England",
		"iso3166_2" : "GB-ENG",
		"region_code" : "NORTHWEST",
		"region_name" : "North West"
	},
	{
		"postcode" : "CW4",
		"easting" : 376800,
		"northing" : 367800,
		"latitude" : 53.20648,
		"longitude" : -2.34739,
		"city" : "Holmes Chapel",
		"county" : "Cheshire",
		"country_code" : "ENG",
		"country_name" : "England",
		"iso3166_2" : "GB-ENG",
		"region_code" : "NORTHWEST",
		"region_name" : "North West"
	},
	{
		"postcode" : "CW5",
		"easting" : 365100,
		"northing" : 351800,
		"latitude" : 53.062,
		"longitude" : -2.52084,
		"city" : "Nantwich",
		"county" : "Cheshire",
		"country_code" : "ENG",
		"country_name" : "England",
		"iso3166_2" : "GB-ENG",
		"region_code" : "NORTHWEST",
		"region_name" : "North West"
	},
	{
		"postcode" : "SK10",
		"easting" : 391400,
		"northing" : 375700,
		"latitude" : 53.27793,
		"longitude" : -2.12899,
		"city" : "Macclesfield",
		"county" : "Cheshire",
		"country_code" : "ENG",
		"country_name" : "England",
		"iso3166_2" : "GB-ENG",
		"region_code" : "NORTHWEST",
		"region_name" : "North West"
	},
	{
		"postcode" : "SK11",
		"easting" : 390500,
		"northing" : 372200,
		"latitude" : 53.24646,
		"longitude" : -2.14238,
		"city" : "Macclesfield",
		"county" : "Cheshire",
		"country_code" : "ENG",
		"country_name" : "England",
		"iso3166_2" : "GB-ENG",
		"region_code" : "NORTHWEST",
		"region_name" : "North West"
	},
	{
		"postcode" : "SK12",
		"easting" : 393900,
		"northing" : 383900,
		"latitude" : 53.35169,
		"longitude" : -2.09165,
		"city" : "Poynton",
		"county" : "Cheshire",
		"country_code" : "ENG",
		"country_name" : "England",
		"iso3166_2" : "GB-ENG",
		"region_code" : "NORTHWEST",
		"region_name" : "North West"
	},
	{
		"postcode" : "SK9",
		"easting" : 384700,
		"northing" : 381200,
		"latitude" : 53.32723,
		"longitude" : -2.22975,
		"city" : "Macclesfield",
		"county" : "Cheshire",
		"country_code" : "ENG",
		"country_name" : "England",
		"iso3166_2" : "GB-ENG",
		"region_code" : "NORTHWEST",
		"region_name" : "North West"
	},
	{
		"postcode" : "WA16",
		"easting" : 375300,
		"northing" : 378500,
		"latitude" : 53.3026,
		"longitude" : -2.37068,
		"city" : "Knutsford",
		"county" : "Cheshire",
		"country_code" : "ENG",
		"country_name" : "England",
		"iso3166_2" : "GB-ENG",
		"region_code" : "NORTHWEST",
		"region_name" : "North West"
	},
	{
		"postcode" : "CH1",
		"easting" : 339400,
		"northing" : 367600,
		"latitude" : 53.20173,
		"longitude" : -2.90732,
		"city" : "Chester",
		"county" : "Cheshire",
		"country_code" : "ENG",
		"country_name" : "England",
		"iso3166_2" : "GB-ENG",
		"region_code" : "NORTHWEST",
		"region_name" : "North West"
	}
]